{"cameraMode":{"drawMode":0,"name":"Shaded","section":"Shading Mode"},"sceneLighting":false,"audioPlay":false,"sceneViewState":{"m_AlwaysRefresh":false,"showFog":true,"showSkybox":false,"showFlares":true,"showImageEffects":true,"showParticleSystems":true,"showVisualEffectGraphs":true,"m_FxEnabled":true},"in2DMode":false,"pivot":{"x":0.6266500949859619,"y":-0.24987149238586427,"z":1.3492741584777833},"rotation":{"x":-0.29888325929641726,"y":0.20182166993618012,"z":-0.0648280680179596,"w":-0.9304602146148682},"size":2.9786972999572756,"orthographic":false}