{"cameraMode":{"drawMode":0,"name":"Shaded","section":"Shading Mode"},"sceneLighting":false,"audioPlay":false,"sceneViewState":{"m_AlwaysRefresh":false,"showFog":true,"showSkybox":false,"showFlares":true,"showImageEffects":true,"showParticleSystems":true,"showVisualEffectGraphs":true,"m_FxEnabled":true},"in2DMode":false,"pivot":{"x":0.07923173904418946,"y":0.6588304042816162,"z":0.8921182751655579},"rotation":{"x":0.10722510516643524,"y":-0.8119987845420837,"z":0.157848060131073,"w":0.5515874028205872},"size":0.6440076231956482,"orthographic":false}