{"cameraMode":{"drawMode":0,"name":"Shaded","section":"Shading Mode"},"sceneLighting":true,"audioPlay":false,"sceneViewState":{"m_AlwaysRefresh":false,"showFog":true,"showSkybox":true,"showFlares":true,"showImageEffects":true,"showParticleSystems":true,"showVisualEffectGraphs":true,"m_FxEnabled":true},"in2DMode":false,"pivot":{"x":667.6123657226563,"y":167.251708984375,"z":44.660736083984378},"rotation":{"x":-0.006309660617262125,"y":0.003596007823944092,"z":-0.000020439212676137686,"w":-0.9999845027923584},"size":254.22715759277345,"orthographic":false}