{"cameraMode":{"drawMode":0,"name":"Shaded","section":"Shading Mode"},"sceneLighting":true,"audioPlay":false,"sceneViewState":{"m_AlwaysRefresh":false,"showFog":true,"showSkybox":true,"showFlares":true,"showImageEffects":true,"showParticleSystems":true,"showVisualEffectGraphs":true,"m_FxEnabled":true},"in2DMode":false,"pivot":{"x":667.6123657226563,"y":167.251708984375,"z":44.660736083984378},"rotation":{"x":-0.007809663191437721,"y":0.0020960094407200815,"z":-0.00001418350530002499,"w":-0.9999775290489197},"size":10.920249938964844,"orthographic":false}