{"cameraMode":{"drawMode":0,"name":"Shaded","section":"Shading Mode"},"sceneLighting":true,"audioPlay":false,"sceneViewState":{"m_AlwaysRefresh":false,"showFog":true,"showSkybox":true,"showFlares":true,"showImageEffects":true,"showParticleSystems":true,"showVisualEffectGraphs":true,"m_FxEnabled":true},"in2DMode":false,"pivot":{"x":-30.312681198120118,"y":-27.775287628173829,"z":25.154958724975587},"rotation":{"x":-0.2601432800292969,"y":0.7375501990318298,"z":-0.40532323718070986,"w":-0.47337573766708376},"size":29.273988723754884,"orthographic":false}