{"cameraMode":{"drawMode":0,"name":"Shaded","section":"Shading Mode"},"sceneLighting":true,"audioPlay":false,"sceneViewState":{"m_AlwaysRefresh":false,"showFog":true,"showSkybox":true,"showFlares":true,"showImageEffects":true,"showParticleSystems":true,"showVisualEffectGraphs":true,"m_FxEnabled":true},"in2DMode":false,"pivot":{"x":498.9634094238281,"y":128.2380828857422,"z":36.61649703979492},"rotation":{"x":-0.07822797447443009,"y":0.008071396499872208,"z":-0.0006311282049864531,"w":-0.996913731098175},"size":41.82673645019531,"orthographic":false}